{"Austria": 0.5425916666666667, "Belgium": 0.4763055555555555, "Bulgaria": 0.3945666666666667, "Croatia": 0.37775, "Cyprus": 0.4678055555555556, "Czech Republic": 0.5084090909090909, "Czechia": 0.6452083333333333, "Denmark": 0.5651611111111111, "Estonia": 0.4943416666666667, "Finland": 0.5755194444444445, "France": 0.4432638888888889, "Germany": 0.5295861111111111, "Greece": 0.4372666666666667, "Hungary": 0.4201611111111111, "Ireland": 0.4631583333333333, "Italy": 0.4578555555555555, "Latvia": 0.4417222222222222, "Lithuania": 0.4019055555555555, "Luxembourg": 0.6022604166666666, "Malta": 0.5220381944444444, "Netherlands": 0.5361666666666667, "North Macedonia": 0.3279166666666667, "Poland": 0.4057861111111111, "Portugal": 0.4895555555555556, "Romania": 0.3825916666666666, "Serbia": 0.3389583333333333, "Slovakia": 0.4279083333333333, "Slovenia": 0.5030798611111111, "Spain": 0.5062111111111111, "Sweden": 0.5401555555555555, "United Kingdom": 0.4548999999999999}