{"Austria": [2.5555, 0.0912678571428571], "Belgium": [-1.4216666666666669, -0.0507738095238095], "Bulgaria": [-6.326, -0.2259285714285714], "Croatia": [-7.335, -0.2619642857142857], "Cyprus": [-1.9316666666666664, -0.0689880952380952], "Czech Republic": [0.369999999999999, 0.0154166666666666], "Czechia": [2.323333333333333, 0.5808333333333332], "Denmark": [3.909666666666666, 0.1396309523809523], "Estonia": [-0.3395000000000003, -0.012125], "Finland": [4.531166666666667, 0.1618273809523809], "France": [-3.404166666666667, -0.1215773809523809], "Germany": [1.7751666666666668, 0.0633988095238095], "Greece": [-3.764, -0.1344285714285714], "Hungary": [-4.790333333333333, -0.1710833333333333], "Ireland": [-2.2105, -0.0789464285714285], "Italy": [-2.528666666666666, -0.0903095238095238], "Latvia": [-3.496666666666666, -0.1248809523809523], "Lithuania": [-5.885666666666667, -0.2102023809523809], "Luxembourg": [6.135624999999999, 0.2191294642857142], "Malta": [1.3222916666666666, 0.0472247023809523], "Netherlands": [2.1699999999999995, 0.0774999999999999], "North Macedonia": [-2.753333333333333, -0.6883333333333332], "Poland": [-5.652833333333334, -0.2018869047619047], "Portugal": [-0.6266666666666665, -0.0223809523809523], "Romania": [-7.044499999999999, -0.2515892857142857], "Serbia": [-2.5766666666666667, -0.6441666666666667], "Slovakia": [-4.325500000000001, -0.1544821428571428], "Slovenia": [0.1847916666666662, 0.0065997023809523], "Spain": [0.3726666666666662, 0.0133095238095237], "Sweden": [2.4093333333333327, 0.086047619047619], "United Kingdom": [-2.7060000000000004, -0.0966428571428571]}