{"Austria": [73.23416666666667, 0.2011927655677655], "Belgium": [203.77133333333333, 0.5598113553113553], "Bulgaria": [-218.7373333333333, -0.60092673992674], "Croatia": [-46.717, -0.1283434065934066], "Cyprus": [-144.245, -0.3962774725274725], "Czech Republic": [29.681, 0.2909901960784313], "Czechia": [-95.49833333333332, -0.3644974554707379], "Denmark": [222.84466666666663, 0.6122106227106227], "Estonia": [-28.0025, -0.076929945054945], "Finland": [181.9595, 0.4998887362637362], "France": [147.34216666666666, 0.4047861721611721], "Germany": [120.94616666666668, 0.3322696886446886], "Greece": [0.0300000000000038, 8.241758241759308e-05], "Hungary": [-143.75933333333333, -0.3949432234432234], "Ireland": [97.99116666666669, 0.2692065018315018], "Italy": [-128.15833333333333, -0.3520833333333333], "Latvia": [-178.44566666666665, -0.4902353479853479], "Lithuania": [-186.33966666666663, -0.5119221611721612], "Luxembourg": [188.006875, 0.5165024038461539], "Malta": [343.114375, 0.9638044241573034], "Netherlands": [179.221, 0.4923653846153846], "North Macedonia": [13.288333333333336, 0.2291091954022989], "Poland": [-203.1855, -0.5582019230769231], "Portugal": [109.30033333333331, 0.300275641025641], "Romania": [-215.01116666666667, -0.5906900183150183], "Serbia": [18.316666666666663, 0.3158045977011494], "Slovakia": [-74.01083333333334, -0.2033264652014652], "Slovenia": [42.548458333333336, 0.116891369047619], "Spain": [173.923, 0.4778104395604395], "Sweden": [208.9343333333333, 0.5739954212454212], "United Kingdom": [106.02733333333332, 0.2912838827838828]}