{"Austria": [45.26533333333334, 0.4815460992907802], "Belgium": [51.914, 0.5522765957446809], "Bulgaria": [37.60633333333333, 0.4000673758865248], "Croatia": [37.229, 0.3960531914893617], "Cyprus": [18.568333333333328, 0.1975354609929077], "Czech Republic": [27.91, 0.5367307692307692], "Czechia": [33.75333333333333, 0.8036507936507936], "Denmark": [62.78666666666667, 0.6679432624113475], "Estonia": [46.17766666666667, 0.4912517730496454], "Finland": [55.711666666666666, 0.592677304964539], "France": [39.61266666666667, 0.4214113475177305], "Germany": [47.31433333333333, 0.5033439716312056], "Greece": [28.578000000000003, 0.3040212765957447], "Hungary": [42.04533333333334, 0.447290780141844], "Ireland": [47.44, 0.5046808510638298], "Italy": [37.33433333333333, 0.3971737588652482], "Latvia": [39.01566666666667, 0.4150602836879433], "Lithuania": [30.956333333333333, 0.3293226950354609], "Luxembourg": [41.52625, 0.4417686170212765], "Malta": [47.46791666666667, 0.551952519379845], "Netherlands": [56.24933333333333, 0.5983971631205673], "North Macedonia": [20.676666666666662, 0.6461458333333333], "Poland": [37.86, 0.4027659574468085], "Portugal": [37.833333333333336, 0.4024822695035461], "Romania": [35.53, 0.3779787234042553], "Serbia": [24.328333333333333, 0.7602604166666667], "Slovakia": [45.92133333333334, 0.4885248226950355], "Slovenia": [45.906666666666666, 0.4883687943262411], "Spain": [43.897, 0.4669893617021276], "Sweden": [53.47466666666666, 0.5688794326241134], "United Kingdom": [44.94, 0.4780851063829787]}