{"Austria": 0.5558678955453149, "Belgium": 0.5998863287250384, "Bulgaria": 0.3961651305683563, "Croatia": 0.4720023041474654, "Cyprus": 0.4786597542242704, "Czech Republic": 0.5259444444444444, "Czechia": 0.5197280701754385, "Denmark": 0.660326420890937, "Estonia": 0.5052096774193549, "Finland": 0.6273963133640553, "France": 0.5887104454685099, "Germany": 0.6122580645161291, "Greece": 0.4775215053763441, "Hungary": 0.4450284178187404, "Ireland": 0.6249116743471582, "Italy": 0.5043341013824885, "Latvia": 0.4505499231950844, "Lithuania": 0.4468310291858679, "Luxembourg": 0.6315322580645162, "Malta": 0.6070218894009216, "Netherlands": 0.6716820276497696, "North Macedonia": 0.4623541666666667, "Poland": 0.4863072196620583, "Portugal": 0.5510376344086021, "Romania": 0.4383333333333333, "Serbia": 0.4835625, "Slovakia": 0.4656182795698925, "Slovenia": 0.5451812596006145, "Spain": 0.6299462365591397, "Sweden": 0.672347158218126, "United Kingdom": 0.6340937019969278}