{"Austria": [24.246666666666663, 0.2635507246376811], "Belgium": [43.35066666666667, 0.4712028985507246], "Bulgaria": [-45.06433333333334, -0.4898297101449276], "Croatia": [-12.151, -0.1320760869565217], "Cyprus": [-9.261666666666668, -0.1006702898550724], "Czech Republic": [1.4009999999999998, 0.0538846153846153], "Czechia": [7.496666666666666, 0.1135858585858585], "Denmark": [69.58166666666666, 0.756322463768116], "Estonia": [2.261000000000001, 0.0245760869565217], "Finland": [55.29, 0.6009782608695652], "France": [38.50033333333333, 0.418481884057971], "Germany": [48.72, 0.5295652173913044], "Greece": [-9.755666666666666, -0.1060398550724637], "Hungary": [-23.857666666666667, -0.2593224637681159], "Ireland": [54.211666666666666, 0.5892572463768115], "Italy": [1.881000000000001, 0.020445652173913], "Latvia": [-21.46133333333333, -0.2332753623188405], "Lithuania": [-23.075333333333333, -0.2508188405797101], "Luxembourg": [57.085, 0.6204891304347826], "Malta": [46.4475, 0.5048641304347826], "Netherlands": [74.51, 0.8098913043478262], "North Macedonia": [-3.011666666666665, -0.1673148148148147], "Poland": [-5.942666666666667, -0.0645942028985507], "Portugal": [22.15033333333333, 0.2407644927536232], "Romania": [-26.763333333333332, -0.2909057971014493], "Serbia": [-1.3149999999999995, -0.0730555555555555], "Slovakia": [-14.921666666666669, -0.1621920289855072], "Slovenia": [19.608666666666668, 0.2131376811594203], "Spain": [56.39666666666667, 0.6130072463768116], "Sweden": [74.79866666666666, 0.8130289855072463], "United Kingdom": [58.196666666666665, 0.6325724637681159]}