{"Austria": 0.5513563581112669, "Belgium": 0.6428971482000935, "Bulgaria": 0.3466077606358111, "Croatia": 0.4672391304347826, "Cyprus": 0.3988464235624123, "Czech Republic": 0.6413380952380953, "Czechia": 0.4214651864035088, "Denmark": 0.6562725572697522, "Estonia": 0.4803629032258064, "Finland": 0.627601332398317, "France": 0.603325502571295, "Germany": 0.5848149836372136, "Greece": 0.5000210378681627, "Hungary": 0.3991870032725573, "Ireland": 0.5687175081813932, "Italy": 0.4101273959794296, "Latvia": 0.3748627863487611, "Lithuania": 0.3693270219728845, "Luxembourg": 0.6318421283309958, "Malta": 0.7433435283687944, "Netherlands": 0.6256809256661992, "North Macedonia": 0.5604015151515152, "Poland": 0.3575136746143057, "Portugal": 0.5766482000935016, "Romania": 0.3492207807386629, "Serbia": 0.5832575757575758, "Slovakia": 0.44809899485741, "Slovenia": 0.5298376285647499, "Spain": 0.6219656381486676, "Sweden": 0.6465177653108929, "United Kingdom": 0.5743529686769518}