{"Austria": [1.1666666666666667, 0.0077777777777777], "Belgium": [109.92833333333331, 0.7328555555555555], "Bulgaria": [-204.95333333333332, -1.3663555555555555], "Croatia": [-64.46, -0.4297333333333333], "Cyprus": [-151.62, -1.0108], "Czechia": [-139.07166666666666, -0.9271444444444444], "Denmark": [86.56666666666666, 0.5771111111111111], "Estonia": [-76.10166666666666, -0.5073444444444444], "Finland": [66.42666666666666, 0.4428444444444444], "France": [72.63333333333334, 0.4842222222222223], "Germany": [23.136666666666667, 0.1542444444444444], "Greece": [-15.028333333333332, -0.1001888888888888], "Hungary": [-157.15666666666667, -1.047711111111111], "Ireland": [-1.4500000000000002, -0.0096666666666666], "Italy": [-164.845, -1.0989666666666666], "Latvia": [-192.50333333333333, -1.2833555555555556], "Lithuania": [-188.335, -1.2555666666666667], "Luxembourg": [83.26, 0.5550666666666667], "Malta": [247.8766666666667, 1.652511111111111], "Netherlands": [46.29166666666666, 0.3086111111111111], "North Macedonia": [-1.6233333333333335, -0.4058333333333334], "Poland": [-229.45, -1.5296666666666665], "Portugal": [49.943333333333335, 0.3329555555555555], "Romania": [-216.7333333333333, -1.444888888888889], "Serbia": [-2.12, -0.53], "Slovakia": [-100.685, -0.6712333333333333], "Slovenia": [-23.151666666666667, -0.1543444444444444], "Spain": [73.25666666666666, 0.4883777777777777], "Sweden": [78.25166666666667, 0.5216777777777778], "United Kingdom": [5.596666666666667, 0.0373111111111111]}