{"Austria": 0.5017893660531697, "Belgium": 0.6686017382413088, "Bulgaria": 0.1856543967280163, "Croatia": 0.4011349693251533, "Cyprus": 0.2674539877300613, "Czechia": 0.2866998977505113, "Denmark": 0.6327709611451943, "Estonia": 0.3832796523517382, "Finland": 0.601881390593047, "France": 0.6114008179959101, "Germany": 0.5354856850715747, "Greece": 0.476950408997955, "Hungary": 0.2589621676891616, "Ireland": 0.4977760736196319, "Italy": 0.247170245398773, "Latvia": 0.2047494887525562, "Lithuania": 0.2111426380368098, "Luxembourg": 0.6276993865030676, "Malta": 0.880178936605317, "Netherlands": 0.5709994887525562, "North Macedonia": 0.2970833333333333, "Poland": 0.1480828220858895, "Portugal": 0.5766002044989775, "Romania": 0.1675869120654396, "Serbia": 0.235, "Slovakia": 0.3455751533742331, "Slovenia": 0.464491308793456, "Spain": 0.6123568507157464, "Sweden": 0.6200178936605317, "United Kingdom": 0.5085838445807771}