{"Austria": 0.6616619047619048, "Belgium": 0.6854071428571429, "Bulgaria": 0.6343083333333334, "Croatia": 0.6329607142857143, "Cyprus": 0.5663154761904762, "Czech Republic": 0.7491964285714285, "Czechia": 0.7009126984126984, "Denmark": 0.7242380952380952, "Estonia": 0.6649202380952381, "Finland": 0.6989702380952381, "France": 0.6414738095238095, "Germany": 0.6689797619047619, "Greece": 0.6020642857142857, "Hungary": 0.6501619047619047, "Ireland": 0.6694285714285715, "Italy": 0.6333369047619047, "Latvia": 0.6393416666666667, "Lithuania": 0.6105583333333333, "Luxembourg": 0.6483080357142857, "Malta": 0.6798027146464647, "Netherlands": 0.7008904761904762, "North Macedonia": 0.6782471264367815, "Poland": 0.6352142857142857, "Portugal": 0.6351190476190476, "Romania": 0.6268928571428571, "Serbia": 0.7097270114942529, "Slovakia": 0.6640047619047619, "Slovenia": 0.663952380952381, "Spain": 0.656775, "Sweden": 0.6909809523809524, "United Kingdom": 0.6605}